{
	"info": {
		"_postman_id": "cfd81ddb-6170-4595-bccd-2df99825ec98",
		"name": "Play.Identity.Service",
		"schema": "https://schema.getpostman.com/json/collection/v2.1.0/collection.json"
	},
	"item": [
		{
			"name": "users",
			"item": [
				{
					"name": "{id}",
					"item": [
						{
							"name": "/users/:id",
							"request": {
								"auth": {
									"type": "oauth2",
									"oauth2": [
										{
											"key": "scope",
											"value": "openid profile catalog.fullaccess inventory.fullaccess trading.fullaccess IdentityServerApi roles",
											"type": "string"
										},
										{
											"key": "authUrl",
											"value": "https://localhost:5003/connect/authorize?prompt=login",
											"type": "string"
										},
										{
											"key": "clientId",
											"value": "postman",
											"type": "string"
										},
										{
											"key": "accessTokenUrl",
											"value": "https://localhost:5003/connect/token",
											"type": "string"
										},
										{
											"key": "redirect_uri",
											"value": "urn:ietf:wg:oauth:2.0:oob",
											"type": "string"
										},
										{
											"key": "grant_type",
											"value": "authorization_code_with_pkce",
											"type": "string"
										},
										{
											"key": "addTokenTo",
											"value": "header",
											"type": "string"
										}
									]
								},
								"method": "GET",
								"header": [],
								"url": {
									"raw": "{{baseUrl}}/users/1120437f-e035-40f9-b8e1-06afd55bbede",
									"host": [
										"{{baseUrl}}"
									],
									"path": [
										"users",
										"1120437f-e035-40f9-b8e1-06afd55bbede"
									]
								}
							},
							"response": [
								{
									"name": "Success",
									"originalRequest": {
										"method": "GET",
										"header": [],
										"url": {
											"raw": "{{baseUrl}}/users/:id",
											"host": [
												"{{baseUrl}}"
											],
											"path": [
												"users",
												":id"
											],
											"variable": [
												{
													"key": "id"
												}
											]
										}
									},
									"status": "OK",
									"code": 200,
									"_postman_previewlanguage": "json",
									"header": [
										{
											"key": "Content-Type",
											"value": "application/json"
										}
									],
									"cookie": [],
									"body": "{\n \"id\": \"urn:uuid:7a068841-90c2-362b-6189-b48071b29ff4\",\n \"username\": \"aliquip Lorem deserunt veniam\",\n \"email\": \"pariatur do\",\n \"gil\": 28440891.41667001,\n \"createdDate\": \"1950-01-25T11:28:35.179Z\"\n}"
								}
							]
						},
						{
							"name": "/users/:id",
							"request": {
								"auth": {
									"type": "oauth2",
									"oauth2": [
										{
											"key": "accessTokenUrl",
											"value": "{{identityBaseUrl}}/connect/token",
											"type": "string"
										},
										{
											"key": "authUrl",
											"value": "{{identityBaseUrl}}//connect/authorize?prompt=login",
											"type": "string"
										},
										{
											"key": "scope",
											"value": "openid profile catalog.fullaccess inventory.fullaccess trading.fullaccess IdentityServerApi roles",
											"type": "string"
										},
										{
											"key": "clientId",
											"value": "postman",
											"type": "string"
										},
										{
											"key": "redirect_uri",
											"value": "urn:ietf:wg:oauth:2.0:oob",
											"type": "string"
										},
										{
											"key": "grant_type",
											"value": "authorization_code_with_pkce",
											"type": "string"
										},
										{
											"key": "addTokenTo",
											"value": "header",
											"type": "string"
										}
									]
								},
								"method": "PUT",
								"header": [
									{
										"key": "Content-Type",
										"value": "application/json"
									}
								],
								"body": {
									"mode": "raw",
									"raw": "{\n    \"email\": \"player1@play.com\",\n    \"gil\": 100\n}"
								},
								"url": {
									"raw": "{{identityBaseUrl}}/users/fd977b6d-1dac-446c-8961-1117fdd64bd1",
									"host": [
										"{{identityBaseUrl}}"
									],
									"path": [
										"users",
										"fd977b6d-1dac-446c-8961-1117fdd64bd1"
									]
								}
							},
							"response": [
								{
									"name": "Success",
									"originalRequest": {
										"method": "PUT",
										"header": [],
										"body": {
											"mode": "raw",
											"raw": "{\n    \"email\": \"exercitation\",\n    \"gil\": 66416698.6783115\n}"
										},
										"url": {
											"raw": "{{baseUrl}}/users/:id",
											"host": [
												"{{baseUrl}}"
											],
											"path": [
												"users",
												":id"
											],
											"variable": [
												{
													"key": "id"
												}
											]
										}
									},
									"status": "OK",
									"code": 200,
									"_postman_previewlanguage": "text",
									"header": [
										{
											"key": "Content-Type",
											"value": "text/plain"
										}
									],
									"cookie": [],
									"body": ""
								}
							]
						},
						{
							"name": "/users/:id",
							"request": {
								"method": "DELETE",
								"header": [],
								"url": {
									"raw": "{{baseUrl}}/users/:id",
									"host": [
										"{{baseUrl}}"
									],
									"path": [
										"users",
										":id"
									],
									"variable": [
										{
											"key": "id",
											"value": "6265ad38-4366-b137-e798-4569da7fc128",
											"description": "(Required) "
										}
									]
								}
							},
							"response": [
								{
									"name": "Success",
									"originalRequest": {
										"method": "DELETE",
										"header": [],
										"url": {
											"raw": "{{baseUrl}}/users/:id",
											"host": [
												"{{baseUrl}}"
											],
											"path": [
												"users",
												":id"
											],
											"variable": [
												{
													"key": "id"
												}
											]
										}
									},
									"status": "OK",
									"code": 200,
									"_postman_previewlanguage": "text",
									"header": [
										{
											"key": "Content-Type",
											"value": "text/plain"
										}
									],
									"cookie": [],
									"body": ""
								}
							]
						}
					]
				},
				{
					"name": "/users",
					"request": {
						"auth": {
							"type": "oauth2",
							"oauth2": [
								{
									"key": "accessTokenUrl",
									"value": "{{identityBaseUrl}}/connect/token",
									"type": "string"
								},
								{
									"key": "authUrl",
									"value": "{{identityBaseUrl}}/connect/authorize?prompt=login",
									"type": "string"
								},
								{
									"key": "scope",
									"value": "openid profile catalog.fullaccess inventory.fullaccess trading.fullaccess IdentityServerApi roles",
									"type": "string"
								},
								{
									"key": "clientId",
									"value": "postman",
									"type": "string"
								},
								{
									"key": "redirect_uri",
									"value": "urn:ietf:wg:oauth:2.0:oob",
									"type": "string"
								},
								{
									"key": "grant_type",
									"value": "authorization_code_with_pkce",
									"type": "string"
								},
								{
									"key": "addTokenTo",
									"value": "header",
									"type": "string"
								}
							]
						},
						"method": "GET",
						"header": [],
						"url": {
							"raw": "{{identityBaseUrl}}/users",
							"host": [
								"{{identityBaseUrl}}"
							],
							"path": [
								"users"
							]
						}
					},
					"response": [
						{
							"name": "Success",
							"originalRequest": {
								"method": "GET",
								"header": [],
								"url": {
									"raw": "{{baseUrl}}/users",
									"host": [
										"{{baseUrl}}"
									],
									"path": [
										"users"
									]
								}
							},
							"status": "OK",
							"code": 200,
							"_postman_previewlanguage": "json",
							"header": [
								{
									"key": "Content-Type",
									"value": "application/json"
								}
							],
							"cookie": [],
							"body": "[\n {\n  \"id\": \"urn:uuid:bf9a2f41-3807-d1f2-5d03-8f2216f03180\",\n  \"username\": \"eiusmod sint\",\n  \"email\": \"nostrud sit\",\n  \"gil\": -75277116.39420609,\n  \"createdDate\": \"1949-09-16T04:55:40.362Z\"\n },\n {\n  \"id\": \"864bfe36-cc40-ab55-2c08-6bfa5b7f1767\",\n  \"username\": \"in ex aliqua\",\n  \"email\": \"sed in minim\",\n  \"gil\": 20899018.558195204,\n  \"createdDate\": \"1992-03-08T18:34:28.857Z\"\n }\n]"
						}
					]
				}
			]
		},
		{
			"name": "openid-configuration",
			"request": {
				"method": "GET",
				"header": [],
				"url": {
					"raw": "{{identityBaseUrl}}/.well-known/openid-configuration",
					"host": [
						"{{identityBaseUrl}}"
					],
					"path": [
						".well-known",
						"openid-configuration"
					]
				}
			},
			"response": []
		}
	],
	"event": [
		{
			"listen": "prerequest",
			"script": {
				"type": "text/javascript",
				"exec": [
					""
				]
			}
		},
		{
			"listen": "test",
			"script": {
				"type": "text/javascript",
				"exec": [
					""
				]
			}
		}
	],
	"variable": [
		{
			"key": "baseUrl",
			"value": "https://localhost:5003"
		}
	]
}