{
	"info": {
		"_postman_id": "8924f9c3-78a1-4848-932c-83307addbe6d",
		"name": "Play.Inventory.Service",
		"schema": "https://schema.getpostman.com/json/collection/v2.1.0/collection.json"
	},
	"item": [
		{
			"name": "items",
			"item": [
				{
					"name": "/items",
					"request": {
						"auth": {
							"type": "oauth2",
							"oauth2": [
								{
									"key": "accessTokenUrl",
									"value": "{{identityBaseUrl}}/connect/token",
									"type": "string"
								},
								{
									"key": "authUrl",
									"value": "{{identityBaseUrl}}/connect/authorize?prompt=login",
									"type": "string"
								},
								{
									"key": "scope",
									"value": "openid profile catalog.fullaccess inventory.fullaccess trading.fullaccess IdentityServerApi roles",
									"type": "string"
								},
								{
									"key": "clientId",
									"value": "postman",
									"type": "string"
								},
								{
									"key": "redirect_uri",
									"value": "urn:ietf:wg:oauth:2.0:oob",
									"type": "string"
								},
								{
									"key": "grant_type",
									"value": "authorization_code_with_pkce",
									"type": "string"
								},
								{
									"key": "addTokenTo",
									"value": "header",
									"type": "string"
								}
							]
						},
						"method": "GET",
						"header": [],
						"url": {
							"raw": "{{inventoryBaseUrl}}/items?userId=fd977b6d-1dac-446c-8961-1117fdd64bd1",
							"host": [
								"{{inventoryBaseUrl}}"
							],
							"path": [
								"items"
							],
							"query": [
								{
									"key": "userId",
									"value": "fd977b6d-1dac-446c-8961-1117fdd64bd1"
								}
							]
						}
					},
					"response": [
						{
							"name": "Success",
							"originalRequest": {
								"method": "GET",
								"header": [],
								"url": {
									"raw": "{{baseUrl}}/items?userId=<uuid>",
									"host": [
										"{{baseUrl}}"
									],
									"path": [
										"items"
									],
									"query": [
										{
											"key": "userId",
											"value": "<uuid>"
										}
									]
								}
							},
							"status": "OK",
							"code": 200,
							"_postman_previewlanguage": "json",
							"header": [
								{
									"key": "Content-Type",
									"value": "application/json"
								}
							],
							"cookie": [],
							"body": "[\n {\n  \"catalogItemId\": \"53d6e456-44ec-1e0b-516b-5791dbd07966\",\n  \"quantity\": -12555038,\n  \"acquiredDate\": \"1987-02-05T13:42:18.825Z\"\n },\n {\n  \"catalogItemId\": \"urn:uuid:3f58258f-9081-e01e-081b-d6b850df95d4\",\n  \"quantity\": -88052990,\n  \"acquiredDate\": \"2002-06-05T01:26:03.843Z\"\n }\n]"
						}
					]
				},
				{
					"name": "/items",
					"request": {
						"method": "POST",
						"header": [
							{
								"key": "Content-Type",
								"value": "application/json"
							}
						],
						"body": {
							"mode": "raw",
							"raw": "{\n    \"userId\": \"<uuid>\",\n    \"catalogItemId\": \"<uuid>\",\n    \"quantity\": \"<integer>\"\n}"
						},
						"url": {
							"raw": "{{baseUrl}}/items",
							"host": [
								"{{baseUrl}}"
							],
							"path": [
								"items"
							]
						}
					},
					"response": [
						{
							"name": "Success",
							"originalRequest": {
								"method": "POST",
								"header": [],
								"body": {
									"mode": "raw",
									"raw": "{\n    \"userId\": \"<uuid>\",\n    \"catalogItemId\": \"<uuid>\",\n    \"quantity\": \"<integer>\"\n}"
								},
								"url": {
									"raw": "{{baseUrl}}/items",
									"host": [
										"{{baseUrl}}"
									],
									"path": [
										"items"
									]
								}
							},
							"status": "OK",
							"code": 200,
							"_postman_previewlanguage": "text",
							"header": [
								{
									"key": "Content-Type",
									"value": "text/plain"
								}
							],
							"cookie": [],
							"body": ""
						}
					]
				}
			]
		}
	],
	"event": [
		{
			"listen": "prerequest",
			"script": {
				"type": "text/javascript",
				"exec": [
					""
				]
			}
		},
		{
			"listen": "test",
			"script": {
				"type": "text/javascript",
				"exec": [
					""
				]
			}
		}
	],
	"variable": [
		{
			"key": "baseUrl",
			"value": "https://localhost:5005"
		}
	]
}