{
    "$schema": "http://json.schemastore.org/template",
    "author": "Julio Casal",
    "sourceName": "MyMicroservice",
    "defaultName": "MyMicroservice",
    "classifications": [
        "Web",
        "Microservice"
    ],
    "identity": "Casal.Microservice",
    "name": "Microservice",
    "shortName": "microservice",
    "tags": {
        "type": "solution",
        "language": "C#"
    },
    "description": "Creates .NET Microservice using the structure and components from the Building Microservices With .NET online course.",
    "preferNameDirectory": true,
    "symbols": {
        "Framework": {
            "type": "parameter",
            "description": "The target framework for the project.",
            "datatype": "choice",
            "choices": [
                {
                    "choice": "net5.0",
                    "description": "Target net5.0"
                }
            ],
            "replaces": "net5.0",
            "defaultValue": "net5.0"
        }
    }
}