{
	"id": "9b708c52-598c-495f-829a-d4264380177b",
	"name": "Cloud",
	"values": [
		{
			"key": "identityBaseUrl",
			"value": "https://playeconomy.eastus.cloudapp.azure.com/identity-svc",
			"enabled": true
		},
		{
			"key": "catalogBaseUrl",
			"value": "https://playeconomy.eastus.cloudapp.azure.com/catalog-svc",
			"type": "default",
			"enabled": true
		},
		{
			"key": "inventoryBaseUrl",
			"value": "https://playeconomy.eastus.cloudapp.azure.com/inventory-svc",
			"type": "default",
			"enabled": true
		},
		{
			"key": "tradingBaseUrl",
			"value": "https://playeconomy.eastus.cloudapp.azure.com/trading-svc",
			"type": "default",
			"enabled": true
		}
	],
	"_postman_variable_scope": "environment",
	"_postman_exported_at": "2022-01-04T07:59:06.622Z",
	"_postman_exported_using": "Postman/9.7.1"
}