{
	"id": "2147ab6d-b3a2-4fc9-9adb-aa026ef072b6",
	"name": "Local",
	"values": [
		{
			"key": "identityBaseUrl",
			"value": "https://localhost:5003",
			"enabled": true
		},
		{
			"key": "catalogBaseUrl",
			"value": "https://localhost:5001",
			"type": "default",
			"enabled": true
		},
		{
			"key": "inventoryBaseUrl",
			"value": "https://localhost:5005",
			"type": "default",
			"enabled": true
		},
		{
			"key": "tradingBaseUrl",
			"value": "https://localhost:5007",
			"type": "default",
			"enabled": true
		}
	],
	"_postman_variable_scope": "environment",
	"_postman_exported_at": "2022-01-04T07:59:16.678Z",
	"_postman_exported_using": "Postman/9.7.1"
}